{
	"category": "বিসিএস প্রস্তুতি",
	"subcategory": "ভাইভা",
	"image": "https://gico.io/ghurbo/demos/ghurbo/images/resource/team-2.jpg",
	"title": "গরুর চিকিৎসা কাজে কেনা গাড়ির ব্যাক্তিগত ব্যাবহার ব্যাবহার",
	"bgColor": "",
	"description": "বাংলা খবর সরবরাহ করা আমার সীমাবদ্ধ হয়ে যেতে পারে, কারণ আমার জ্ঞান তারিখে সীমাবদ্ধ আছে (২০২১ সেপ্টেম্বর)। তবে, আমি যেহেতু বাংলা ভাষা সাপোর্ট করি, তাহলে আমি আপনাকে বর্তমানের পরিস্থিতি সম্পর্কে সাধারণ জ্ঞান এবং তথ্য সরবরাহ করতে পারি। আপনি কোনও নির্দিষ্ট বিষয়ে বা সেই বিষয়গুলির সাথে সম্প্রতি ঘটা ঘটনা বা বাংলাদেশের সার্কুলার বিষয়ে কোনও প্রশ্ন বা তথ্য চান, তাহলে দয়া করে সম্পর্ককরে জিজ্ঞাসা করুন এবং আমি সাহায্য করতে পারি।বিশেষজ্ঞতা বা বৃত্তির স্বাধীন সূত্রের জন্য সম্পূর্ণ বাংলা খবর সরবরাহ করা আমার সীমাবদ্ধ হয়ে যেতে পারে, কারণ আমার জ্ঞান তারিখে সীমাবদ্ধ আছে (২০২১ সেপ্টেম্বর)।"
}
